ID,latitude,longitude,sat,dist
1,-5.222884232075968,-56.36790011115559,ST1,0
2,-5.792811156689235,-63.019007915242796,ST3,0
3,-5.149657020008053,-51.91052696543251,ST1,0
4,-7.3431385799551006,-53.203047640785606,ST5,0
5,-9.277483565776443,-64.38706142824789,ST3,0
6,-2.3583108838552524,-59.0766613466984,ST1,0
7,-2.601645416833091,-60.20139200040762,ST4,0
8,-9.713195343932812,-69.42369352820894,ST4,0
9,-5.907207644048555,-58.20189059015934,ST4,0
10,-2.84237492658166,-56.34344046849705,ST5,0
11,-4.194685708582874,-56.92914013572662,ST4,0
12,-1.6648598212731418,-65.22694561048093,ST5,0
13,-4.144035475052945,-59.872649691689965,ST5,0
14,-9.530378959316009,-55.62643721616592,ST2,0
15,-4.488011110633588,-68.83102944570159,ST5,0
16,-3.2840150319009354,-61.62292874241622,ST3,0
17,-6.515490827684696,-53.93868921881192,ST3,0
18,-3.0064525665156383,-53.60624332510498,ST1,0
19,-8.379229819609277,-58.15580898080644,ST3,0
20,-5.322643700251354,-63.312664980895356,ST5,0
21,-5.014894277315326,-55.06896634234642,ST3,0
22,-1.6890918430258974,-67.80279290890323,ST4,0
23,-9.610318711664725,-61.50699680736746,ST2,0
24,-9.570240186925037,-64.72643491015785,ST2,0
25,-9.439151914911733,-62.09991966506419,ST5,0
26,-3.2521044747690375,-61.07416297551037,ST5,0
27,-2.5311319879065506,-65.99392970300013,ST4,0
28,-6.7015603695417365,-59.43046730365441,ST1,0
29,-7.674473672764224,-57.28553284733371,ST2,0
30,-9.376549604612544,-51.395540848176395,ST2,0
31,-7.273252917798709,-51.39629162095389,ST3,0
32,-7.669642157903577,-59.827466453018104,ST3,0
33,-9.341782415298912,-55.34808562739477,ST4,0
34,-9.721161116877154,-63.0644951866952,ST3,0
35,-6.756355348341104,-53.833037449482305,ST1,0
36,-3.319750999462637,-59.712945087206016,ST3,0
37,-2.850279401521929,-57.541707327580376,ST2,0
38,-8.298659660544722,-67.6081308451343,ST3,0
39,-8.700313957243278,-52.12472443015848,ST1,0
40,-1.4959439893064808,-67.19349809314399,ST5,0
41,-5.524810324203707,-69.21330161584763,ST5,0
42,-9.097820421476957,-61.16977625158945,ST3,0
43,-5.505424564013316,-57.60973218070821,ST3,0
44,-2.046361698394037,-61.430312691291746,ST5,0
45,-8.654955051385919,-68.1633501437558,ST2,0
46,-2.386771943766269,-64.00293238399496,ST3,0
47,-9.662186336476266,-54.536815201445236,ST2,0
48,-8.955686491462506,-55.95960362516181,ST5,0
49,-3.745962339704109,-69.02951380546934,ST5,0
50,-7.248263733349255,-55.22498429662835,ST2,0
51,-7.435331061093864,-61.96603866905142,ST4,0
52,-4.004080634070448,-59.13909647929459,ST4,0
53,-8.16702173361732,-69.0402630378146,ST2,0
54,-6.17031075619415,-54.79570471412363,ST4,0
55,-9.934117500901236,-66.3813057528925,ST5,0
56,-4.791898206693924,-56.4596405441242,ST4,0
57,-3.923204701904117,-58.75064098093011,ST3,0
58,-1.7556900406627705,-57.771862062657675,ST5,0
59,-5.824791907402514,-67.85035002576161,ST4,0
60,-7.980554427986066,-69.55002287659444,ST4,0
61,-6.9641718256287,-69.07997572291872,ST2,0
62,-2.7437591707325515,-64.64569577650893,ST5,0
63,-3.274598322203765,-67.9329079854806,ST1,0
64,-4.116508556784052,-58.36022223545915,ST4,0
65,-7.554914893539962,-64.85365812999305,ST1,0
66,-8.365329337240247,-65.88565878238731,ST4,0
67,-1.6734861800867087,-53.39231385621888,ST5,0
68,-9.793174958787692,-63.38813440560876,ST1,0
69,-7.839370699334127,-66.00423775445333,ST3,0
70,-8.522453330087583,-58.02449135957615,ST4,0
71,-1.5109095490488418,-53.21713292449465,ST3,0
72,-5.455125347116357,-57.18384265624852,ST5,0
73,-6.5151544714009875,-66.47794808321726,ST3,0
74,-2.240067555521952,-54.77177552166707,ST5,0
75,-5.08258778441292,-68.09853737606095,ST5,0
76,-9.76051245987786,-61.59991022434121,ST3,0
77,-9.747781559599018,-59.82136803266737,ST5,0
78,-7.389980361756599,-53.98669676242776,ST4,0
79,-8.046200635715458,-64.67696617339057,ST1,0
80,-1.5579810077958935,-63.951199545633884,ST5,0
81,-1.9878400099424205,-64.14729484743624,ST2,0
82,-3.041212807565766,-57.81376984316456,ST5,0
83,-4.663016120703464,-60.61612047990717,ST1,0
84,-6.250850700583946,-60.25685437856825,ST3,0
85,-4.794138685517307,-66.23745536400867,ST1,0
86,-3.117220314187283,-68.84385469897417,ST4,0
87,-5.877073409728053,-63.25235841268206,ST4,0
88,-8.660863757665048,-58.96058878093889,ST1,0
89,-8.596683618204766,-61.1885128292306,ST5,0
90,-6.1381790614309235,-63.660453082296506,ST2,0
91,-4.595540363390823,-66.34303503893078,ST3,0
92,-6.687140019461463,-68.34762882551414,ST3,0
93,-4.871771005339254,-68.07330489925697,ST1,0
94,-2.9433969545753715,-58.418993861681535,ST5,0
95,-8.412343059015798,-58.04034159595997,ST2,0
96,-5.58154164529119,-60.00483983391339,ST5,0
97,-10.054785353536042,-60.07602351382393,ST3,0
98,-1.556572242166057,-55.73263496479328,ST4,0
99,-4.786537075690291,-68.48451399181023,ST4,0
100,-1.4581656147343764,-51.45049911163848,ST2,0
101,-5.245152255611912,-53.368095598209756,ST4,0
102,-4.006192325406656,-68.0264137787809,ST5,0
103,-5.27620009594456,-68.07004912376682,ST4,0
104,-8.520892214805423,-52.90077465636884,ST3,0
105,-7.1344608167592245,-54.838269638982474,ST5,0
106,-7.0248086242552095,-59.74845373246675,ST1,0
107,-6.339203090729101,-51.415513191338604,ST5,0
108,-7.331054333912487,-68.60924179361778,ST5,0
109,-4.894330463020933,-60.251222882912316,ST5,0
110,-4.6614216617477435,-54.475498472558385,ST3,0
111,-5.498747823039552,-66.57538318970843,ST5,0
112,-9.92938370419535,-68.66734261720099,ST1,0
113,-5.075010068621234,-64.43254594218566,ST3,0
114,-5.866401783226748,-58.33489598833367,ST1,0
115,-8.764499398139439,-64.26594386722782,ST5,0
116,-5.976744937632262,-56.78836780255813,ST4,0
117,-3.6502243105545427,-53.89348136468335,ST4,0
118,-5.116776420708133,-66.32950418918358,ST5,0
119,-1.8496082109332956,-67.11053190621453,ST4,0
120,-4.9997977370999935,-55.308403897658856,ST4,0
121,-1.5289651146183303,-62.656920840998254,ST3,0
122,-5.815942363279118,-62.32198410977229,ST5,0
123,-8.957004955977734,-61.18461273284452,ST5,0
124,-1.9900125285957806,-59.90573930209511,ST1,0
125,-8.552002005231593,-56.69216972559943,ST4,0
126,-1.5935681509685047,-55.62343300419505,ST4,0
127,-8.411779474428393,-63.26061056344259,ST4,0
128,-2.4365729291153713,-61.01381204447795,ST4,0
129,-9.111452507316885,-62.13579827587392,ST3,0
130,-9.627072706287146,-58.83372141092542,ST3,0
131,-9.666149731728792,-55.96813295192637,ST2,0
132,-3.4718579967608427,-52.03627733410974,ST2,0
133,-3.3139948049094716,-57.501963329655425,ST4,0
134,-3.441457954969189,-62.28332999259975,ST4,0
135,-1.5981648174491845,-68.18410785097409,ST4,0
136,-3.1652515356501576,-56.856027573566145,ST1,0
137,-9.084083254662792,-57.46030953994489,ST3,0
138,-6.719135230145165,-51.87634450923725,ST2,0
139,-9.250650673656285,-65.11916893832915,ST1,0
140,-3.4363536900469516,-62.81006271115276,ST1,0
141,-7.568050667325043,-57.448091362902574,ST3,0
142,-9.695240165492212,-60.8932072440692,ST2,0
143,-5.30792475857809,-67.35397245139309,ST1,0
144,-9.041281936231966,-57.795328516189855,ST2,0
145,-8.096107593348117,-65.4415050586446,ST1,0
146,-9.287149251223735,-66.39399481288837,ST2,0
147,-2.933396355073425,-66.35909438520636,ST1,0
148,-5.054864246348893,-64.05153978551898,ST2,0
149,-8.222928945983542,-52.471931847655185,ST4,0
150,-8.189760626762272,-56.78383611498041,ST3,0
151,-6.501134740558967,-58.22340799350678,ST1,0
152,-9.369152494113052,-60.910635978638034,ST4,0
153,-7.427245495295502,-68.8031853587505,ST4,0
154,-5.013360351299582,-60.512201423945584,ST5,0
155,-7.2553364684614365,-61.1127438895933,ST2,0
156,-9.009650795321342,-55.821700286933876,ST3,0
157,-3.3789695355189187,-55.378492994656135,ST3,0
158,-2.193847619575365,-61.29249979114631,ST2,0
159,-3.3003510681146944,-52.07617065164406,ST2,0
160,-6.976131894569093,-58.4186299195529,ST4,0
161,-4.268187685138494,-52.64855864016559,ST5,0
162,-2.111032171442969,-64.5134383937172,ST4,0
163,-2.6550276666497554,-59.21948515551112,ST3,0
164,-4.619605201350024,-65.41340733562106,ST3,0
165,-5.977989822448074,-54.94178262169095,ST1,0
166,-3.158292724951031,-59.20294425581733,ST2,0
167,-7.015792444032418,-56.3465976542504,ST1,0
168,-4.859329934049936,-52.50437463648798,ST2,0
169,-9.46439383721833,-61.331642499627705,ST1,0
170,-9.704974001869543,-62.8846997600332,ST2,0
171,-1.232576726505675,-67.33006907268651,ST3,0
172,-4.989412779932418,-52.37293151733391,ST5,0
173,-7.910997448243121,-60.37395229974058,ST1,0
174,-2.221292194021845,-65.63250540962834,ST1,0
175,-2.2054435859350026,-58.13296176496527,ST4,0
176,-7.651409792635922,-64.2861374359046,ST2,0
177,-8.587859938409228,-68.50640723306805,ST4,0
178,-8.304498116251114,-67.65607296179705,ST4,0
179,-5.514201189044125,-61.091730040205725,ST5,0
180,-2.5547736335519273,-69.27246329426247,ST2,0
181,-7.078285841649851,-63.20946637185588,ST5,0
182,-9.529030567769567,-52.74921403393544,ST1,0
183,-6.85776107473388,-60.16308822186441,ST5,0
184,-3.3369731206467037,-59.40195840358328,ST5,0
185,-2.466074661426819,-52.11165560671466,ST3,0
186,-7.189824322465812,-51.6365755565936,ST2,0
187,-5.675394151512035,-68.85437112295793,ST5,0
188,-7.297391057600945,-65.20885096947579,ST4,0
189,-7.29852636652772,-63.6944864088838,ST3,0
190,-7.5056045954744715,-60.530437084654224,ST1,0
191,-8.505042870718079,-54.997956246043415,ST2,0
192,-1.3417634918336727,-69.51116468255299,ST2,0
193,-9.790316771424845,-67.38149969950794,ST3,0
194,-7.491138389973572,-59.657314784777114,ST2,0
195,-8.543537936385619,-62.996959655728574,ST4,0
196,-10.026259348777314,-69.28131806315935,ST2,0
197,-4.886493092140888,-60.572106928964516,ST1,0
198,-2.1286511868201234,-53.5626943199519,ST3,0
199,-3.6960335269054285,-52.780812846079414,ST1,0
200,-1.894566494598072,-65.13988462644939,ST5,0
201,-2.6124054383839743,-52.658013279477395,ST4,0
202,-5.499972377889367,-60.636014514185796,ST4,0
203,-6.91662840852657,-54.93722687396968,ST3,0
204,-9.846018089608096,-64.38613355299827,ST2,0
205,-9.71820404179727,-55.15216119043177,ST5,0
206,-8.526678176213883,-62.29616098860957,ST4,0
207,-8.37637466505773,-54.2532211073299,ST2,0
208,-2.290663854166765,-68.48354344829956,ST2,0
209,-3.9444775231531573,-68.26510278448274,ST2,0
210,-7.24254474146524,-53.837527022393544,ST2,0
211,-1.3287444518978848,-66.25320996233003,ST2,0
212,-5.766488838491641,-65.32306763357255,ST3,0
213,-5.51614710470538,-53.512617312503224,ST3,0
214,-4.1891568756631585,-65.88994991869328,ST1,0
215,-9.230820857013054,-57.29626802453991,ST2,0
216,-8.251646698067775,-61.51021924228484,ST4,0
217,-3.4376144269146653,-56.638294707011184,ST2,0
218,-9.645044464271002,-61.46061234003184,ST2,0
219,-9.53264155979528,-66.05177454526262,ST4,0
220,-5.762962384711452,-52.19136402873079,ST1,0
221,-9.250308765374534,-57.83809215579595,ST2,0
222,-4.271780131729999,-62.73041740493305,ST5,0
223,-9.1509383940059,-61.17897242733947,ST4,0
224,-1.9297769755345815,-58.21017814483497,ST2,0
225,-5.128289230495743,-69.3903731070147,ST3,0
226,-6.761097132787403,-53.05785323467293,ST5,0
227,-8.473642851363309,-52.69139174738319,ST5,0
228,-4.242560986213303,-67.68334120952355,ST2,0
229,-2.382547220208844,-68.03704169975599,ST2,0
230,-2.8074143091420813,-66.5265646594711,ST3,0
231,-10.06321958507207,-56.36124844589698,ST4,0
232,-8.544875085611768,-57.72271179659806,ST2,0
233,-7.926653362015802,-64.99496237988355,ST3,0
234,-2.595764190649988,-51.73779543163968,ST5,0
235,-5.000356946382278,-56.721745606524685,ST3,0
236,-8.167220278184326,-58.50639011033026,ST2,0
237,-7.413336063460234,-69.55309666325472,ST4,0
238,-1.441627477634949,-52.776361485672396,ST4,0
239,-1.9691284777155662,-59.85612055785907,ST4,0
240,-2.2281752019918235,-53.09520648047215,ST3,0
241,-4.603525329710145,-57.98348520058374,ST1,0
242,-7.583222058425123,-61.186199383966795,ST4,0
243,-8.527329225706922,-66.6122719899577,ST2,0
244,-6.626095128426119,-54.22568840356956,ST1,0
245,-5.984825367174159,-60.621142606147146,ST3,0
246,-8.7265786424154,-58.43593197911886,ST4,0
247,-4.7216379358369,-62.25607252596971,ST2,0
248,-7.960338871929975,-55.08744068441692,ST3,0
249,-1.3007553228837256,-60.222105188373796,ST3,0
250,-7.810143957511774,-62.86089895724055,ST2,0
251,-5.798893298259927,-60.93655209571742,ST3,0
252,-6.744785671714863,-52.149792092580675,ST1,0
253,-7.897009418518509,-55.217305066369676,ST2,0
254,-5.667641294081431,-65.96138205606496,ST4,0
255,-8.1828223684536,-52.42390016444699,ST2,0
256,-10.041222318866735,-65.12942461639122,ST3,0
257,-7.446484315139628,-59.959770697748084,ST3,0
258,-4.361288306771338,-56.37698098328652,ST4,0
259,-7.265224182074074,-51.61166570581846,ST2,0
260,-8.319623025306768,-52.16231542220213,ST2,0
261,-6.359733296988335,-51.839403355433674,ST1,0
262,-3.790972312406163,-65.5370573173681,ST4,0
263,-1.2910552504588093,-54.36808531295118,ST5,0
264,-8.458479306925112,-52.52442151665127,ST4,0
265,-3.910473397397803,-64.99998234514348,ST5,0
266,-5.063498862348333,-64.25546577845604,ST3,0
267,-7.809174436498266,-52.865158977225676,ST5,0
268,-7.981889811029125,-61.855564654819254,ST3,0
269,-3.627196270031864,-64.85028835235613,ST4,0
270,-7.708468547541082,-60.53654830847394,ST3,0
271,-6.132349041579969,-53.55669226610911,ST2,0
272,-9.945445336293798,-68.09882369364502,ST5,0
273,-9.134106185140496,-58.33175763781246,ST1,0
274,-4.9738037311540815,-51.764405912429,ST2,0
275,-4.715645359589718,-67.3875081074976,ST2,0
276,-9.259337267734555,-52.59931388006915,ST2,0
277,-6.897579229537886,-53.95328235429291,ST5,0
278,-6.879845451136294,-54.14216123565797,ST3,0
279,-7.691729610187412,-52.19192252648185,ST1,0
280,-9.068656971819744,-51.97559602122588,ST5,0
281,-5.259913754940361,-65.57505621172669,ST1,0
282,-5.014887835160046,-63.25547275381285,ST5,0
283,-6.648168953821427,-55.636341760664365,ST4,0
284,-8.928401634150552,-55.136936526974026,ST5,0
285,-8.401982248368249,-61.556239418885426,ST3,0
286,-8.6309842095512,-63.17638946822288,ST1,0
287,-1.45538494006634,-61.77923150294063,ST2,0
288,-6.854827905648932,-52.22196301025711,ST4,0
289,-7.589232899694013,-54.425594891922586,ST2,0
290,-5.336372622829787,-63.06083403499172,ST2,0
291,-9.179754369611151,-54.47422183358104,ST3,0
292,-10.00877779687804,-54.084804041477355,ST4,0
293,-4.80861155204915,-61.977099470301454,ST4,0
294,-8.031709827192556,-61.02515150242327,ST3,0
295,-7.108740804133104,-68.1479653949967,ST3,0
296,-4.238522883108381,-64.80642966548359,ST3,0
297,-9.118383570645697,-67.38873842911246,ST5,0
298,-6.807183480786863,-66.3671500574463,ST4,0
299,-8.168556378563503,-53.18714800863586,ST1,0
300,-1.9425491872759988,-59.539254105556665,ST1,0
301,-10.000541299989102,-54.504981564398896,ST5,0
302,-6.8722269453535665,-67.99942583133462,ST5,0
303,-3.356544206427558,-65.62407320485568,ST3,0
304,-1.4822166058987936,-66.03716486819158,ST4,0
305,-3.749544782173378,-52.61160942360878,ST4,0
306,-1.5992604490874918,-52.81854361752458,ST5,0
307,-3.755471293117295,-62.938827710099076,ST5,0
308,-1.5275946621251997,-55.37561458214714,ST5,0
309,-4.208929227192092,-53.158108992299006,ST3,0
310,-4.083685076794619,-65.93958177422769,ST3,0
311,-9.410308211550078,-67.46112795764543,ST5,0
312,-7.591883824940483,-67.84605945090496,ST1,0
313,-4.270907077522551,-53.54325515373429,ST1,0
314,-5.335463805162696,-54.39782535175198,ST1,0
315,-5.042681127602955,-68.7894639469969,ST3,0
316,-10.02689351173937,-61.541262600979884,ST3,0
317,-4.21552742438816,-54.22048972635209,ST4,0
318,-1.3940474637061282,-59.78746518248939,ST5,0
319,-10.022942248880838,-62.49620376082453,ST4,0
320,-8.066352530536149,-61.33451873373057,ST4,0
321,-6.645412399696229,-64.99167419011033,ST4,0
322,-3.3437501833468826,-58.762700726412874,ST3,0
323,-4.707075817109363,-57.92774451768213,ST3,0
324,-8.51239127017151,-60.07963588455594,ST4,0
325,-8.627531690712845,-54.94037262371382,ST3,0
326,-8.382860861625613,-56.871671342963026,ST5,0
327,-5.540403000569714,-61.005980866284084,ST5,0
328,-2.4019166552607674,-63.54100645808775,ST5,0
329,-3.9807275105193582,-67.91636621080703,ST3,0
330,-9.4229308564683,-58.80286125191061,ST5,0
331,-8.543683797353996,-68.12834330899435,ST4,0
332,-8.463977433599048,-67.2898073307275,ST1,0
333,-4.401042143349937,-52.58546947690114,ST3,0
334,-1.4022283965620375,-67.01615873110693,ST1,0
335,-7.004701778310103,-52.039595176756535,ST5,0
336,-8.181230032946276,-67.71170502393589,ST4,0
337,-5.234667520563484,-51.65872514566421,ST1,0
338,-3.2157047721656085,-53.48781695760496,ST3,0
339,-5.437228085947655,-55.329673056563344,ST2,0
340,-6.823137086204371,-66.21477697009604,ST1,0
341,-4.619084226139005,-61.68513416586888,ST5,0
342,-8.204130501104054,-60.261073137135895,ST4,0
343,-7.335785385616484,-60.21290367961668,ST4,0
344,-5.939101529726277,-63.07820301076183,ST5,0
345,-2.881959804277204,-65.86102861225199,ST4,0
346,-5.412406084692112,-54.54264136740734,ST4,0
347,-5.207399391477012,-55.67252267084605,ST3,0
348,-4.816174541387254,-60.35272272137518,ST4,0
349,-6.580174744161709,-65.02349237364166,ST1,0
350,-6.6979400444267,-56.37282901265657,ST5,0
351,-7.08125219284209,-58.299052897103095,ST1,0
352,-7.181567371684167,-51.8800878720412,ST5,0
353,-8.770857331585445,-61.103718067006426,ST2,0
354,-4.726162055677406,-59.03595683343407,ST5,0
355,-7.318798426612844,-68.41194574925669,ST1,0
356,-4.711963895066371,-62.470526527008616,ST2,0
357,-5.867721767567495,-58.31540396030553,ST1,0
358,-8.153569537128082,-62.43792402171342,ST1,0
359,-1.5350401173061048,-69.35749756164141,ST3,0
360,-8.00329228093456,-58.14561257081455,ST2,0
361,-5.299359881192603,-65.39185029678617,ST4,0
362,-8.399946462944456,-52.2382990500662,ST3,0
363,-3.966597953035108,-64.31623994231678,ST1,0
364,-8.171824501666258,-64.88078905212265,ST1,0
365,-8.017742425440881,-53.04550339388044,ST5,0
366,-7.719030247006612,-52.89223151545019,ST2,0
367,-7.961657509230644,-54.17914710921048,ST4,0
368,-8.710452746245279,-57.07442546651939,ST1,0
369,-8.82432333633476,-59.14744919607128,ST2,0
370,-1.6514429574595244,-69.11225793031868,ST4,0
371,-3.1373792808632732,-62.51504168472142,ST5,0
372,-2.5784096993340953,-52.5404073860342,ST3,0
373,-4.1222562693142555,-63.03178911397333,ST2,0
374,-4.089467039219985,-65.92908553314258,ST5,0
375,-8.60501138637311,-54.391932560101964,ST3,0
376,-3.907840572768424,-62.78585522782611,ST2,0
377,-5.926757575259969,-52.49580816257273,ST4,0
378,-1.1438996371493992,-53.23526427403081,ST4,0
379,-1.9314792455080614,-58.50241148585712,ST2,0
380,-7.508969426128229,-52.69898246610485,ST1,0
381,-5.03071235364811,-60.144531918226456,ST1,0
382,-4.241683682067857,-64.02118141499996,ST2,0
383,-3.8743875274958173,-59.80007033229525,ST1,0
384,-3.8332947062755265,-66.7563242182998,ST1,0
385,-2.866512043981621,-52.599053474830356,ST1,0
386,-1.9555685427280292,-55.66456863508331,ST1,0
387,-9.408191452909234,-53.97221086455171,ST4,0
388,-6.965699499259328,-58.36372357038175,ST4,0
389,-4.988110872067176,-57.01026394293953,ST5,0
390,-5.075292328305571,-65.73325480689088,ST4,0
391,-1.2233920469634132,-62.342384372230164,ST2,0
392,-6.124408652035298,-52.78699133731587,ST3,0
393,-5.076623937508728,-51.97562683281454,ST1,0
394,-3.595252031188604,-58.03483871328772,ST2,0
395,-2.0768596487140565,-67.90244764370969,ST3,0
396,-1.8264819275610922,-67.02940566780184,ST5,0
397,-1.161434301107942,-67.47276437436086,ST1,0
398,-6.5502194605947235,-64.69029782369964,ST1,0
399,-2.1476376581966568,-65.66232358782605,ST4,0
400,-3.8049292164475323,-67.69424189765911,ST5,0
401,-5.629945683344771,-61.41135193858218,ST1,0
402,-6.090100238846944,-58.214536085521566,ST2,0
403,-1.5832434662519521,-68.523347590022,ST3,0
404,-1.5445690223969848,-59.71021017843243,ST3,0
405,-2.873499124286764,-52.07512927305338,ST4,0
406,-6.217840458362138,-53.365986409549826,ST1,0
407,-6.905151175689424,-64.58534385114616,ST3,0
408,-3.32215591600335,-51.957792822596424,ST3,0
409,-3.271130106012561,-58.323666031772724,ST4,0
410,-1.418604310685394,-58.985215421648164,ST4,0
411,-6.243410875488312,-69.46286831154389,ST5,0
412,-1.2868884827171936,-64.05958794351359,ST2,0
413,-3.8356243330927837,-65.83922252878553,ST1,0
414,-1.2156272247707598,-67.79467960011446,ST4,0
415,-6.333995921461982,-61.67484124685531,ST3,0
416,-4.9803906624296115,-64.37002931799324,ST3,0
417,-6.820966739847464,-60.14824074544743,ST2,0
418,-9.881049813287662,-57.33469847383821,ST4,0
419,-1.403658392490021,-63.41963892278623,ST5,0
420,-7.982046818929176,-55.96469613053455,ST5,0
421,-2.403451557784706,-65.98785550582348,ST3,0
422,-5.023083532404936,-62.116357543680465,ST5,0
423,-9.820390865176547,-55.131141255770544,ST2,0
424,-8.735325752981572,-56.99080506846239,ST2,0
425,-2.0896819585703064,-68.64415771481711,ST5,0
426,-5.855365460308298,-60.475645059045405,ST2,0
427,-6.1591491894580495,-56.03226233630588,ST3,0
428,-9.81939343484253,-56.138281737010296,ST3,0
429,-9.226450637286092,-51.446573628730505,ST2,0
430,-1.7211835683424503,-53.54684226439883,ST2,0
431,-9.772170217372103,-59.11358387012281,ST2,0
432,-7.121954500955113,-58.008879525158925,ST3,0
433,-6.087797485196635,-61.414281766167065,ST1,0
434,-9.70910532149752,-69.01517592823981,ST2,0
435,-8.877831060996128,-67.88858767816619,ST2,0
436,-7.445484100840228,-51.48851945790292,ST3,0
437,-7.216237176895163,-56.437900360808285,ST4,0
438,-7.421666793917533,-69.54528063633961,ST1,0
439,-9.972423969219244,-57.71935681072729,ST2,0
440,-8.75727242549757,-55.31623251250345,ST4,0
441,-7.98521591204356,-66.34469980135684,ST3,0
442,-1.6386185475730048,-62.85672610840089,ST3,0
443,-8.875083656323898,-67.5233471426468,ST3,0
444,-8.741528799215047,-56.76724190209047,ST1,0
445,-6.989730362553103,-55.097733253449206,ST5,0
446,-7.505118270414165,-64.11320898759178,ST2,0
447,-3.565153197102826,-54.2501154914685,ST3,0
448,-2.412808464763824,-54.768752710813814,ST4,0
449,-7.379863797988212,-55.030557828933155,ST1,0
450,-2.8250569885674954,-65.0256976231903,ST2,0
451,-6.35404139129165,-69.38018497500089,ST5,0
452,-9.847654314853301,-57.655521867335345,ST4,0
453,-9.056682223877969,-65.29091794261069,ST1,0
454,-5.504516095891436,-52.01495994218183,ST2,0
455,-5.835749279198694,-66.40994819043095,ST3,0
456,-8.459593627085232,-51.572801271902335,ST3,0
457,-7.34028055783162,-55.767549588556946,ST2,0
458,-3.7649188036177357,-52.932060832826096,ST2,0
459,-2.849023007699185,-60.667635981471726,ST2,0
460,-5.589057180966591,-53.858258871652026,ST2,0
461,-9.106205096359755,-64.46422467958176,ST2,0
462,-2.389467330388163,-66.88916637633625,ST5,0
463,-4.2464217448183526,-64.72521552265059,ST4,0
464,-1.8676575934847648,-59.95767297588917,ST5,0
465,-9.541615837524073,-62.49594319921058,ST1,0
466,-10.026485214838951,-65.8440449543365,ST2,0
467,-5.526353754276811,-51.867265409828875,ST1,0
468,-4.720168674533921,-65.3787935920045,ST1,0
469,-1.2590246007081074,-66.64651965857827,ST5,0
470,-4.3115584628802495,-63.58625352165636,ST5,0
471,-8.189604442279691,-63.78982850740948,ST1,0
472,-1.4508811825756283,-58.96878639728348,ST2,0
473,-3.1148310355970734,-57.20507586249667,ST3,0
474,-9.367386295146309,-58.310268854939345,ST3,0
475,-3.6457869265165694,-68.39552861906034,ST5,0
476,-7.23411378229875,-58.9168914280255,ST5,0
477,-2.2204803449041446,-53.24647379029101,ST4,0
478,-5.2341328685192545,-67.04302046086747,ST2,0
479,-9.462131172147796,-58.57343218491581,ST4,0
480,-2.8771848393511803,-55.58144841012798,ST1,0
481,-1.8670479636254047,-61.07230574403364,ST5,0
482,-4.64700977743839,-61.554349344229664,ST5,0
483,-2.8141398709151915,-65.57179315491204,ST3,0
484,-4.78591293839609,-56.00905002369536,ST4,0
485,-8.558949568813228,-65.98437569872914,ST5,0
486,-5.97732884198702,-64.73230890852776,ST4,0
487,-4.544522483772562,-53.24347239933495,ST1,0
488,-3.7303197157569716,-65.86183429434153,ST3,0
489,-1.110372564964285,-67.59585610392612,ST2,0
490,-9.260272344588396,-51.776024426389434,ST1,0
491,-7.810659432735724,-64.72401097856027,ST5,0
492,-4.3690832815857386,-58.53247670287103,ST5,0
493,-4.370387459107335,-67.7268227006788,ST3,0
494,-7.965790272508853,-67.48835210301738,ST5,0
495,-2.621309040927202,-64.9905958030834,ST5,0
496,-1.8541905538458519,-61.55879681030548,ST3,0
497,-7.104465627722373,-65.61670017976878,ST1,0
498,-9.003932028469418,-56.807374394851394,ST1,0
499,-6.481657912618093,-57.42553940762261,ST3,0
500,-1.1416729707359803,-59.99543254888755,ST2,0
501,-3.091702552118889,-62.046152718721856,ST1,0
502,-8.176882990968616,-58.29854280503135,ST1,0
503,-7.3407341607016665,-58.155978180095296,ST2,0
504,-9.841055586636122,-63.07352609879733,ST4,0
505,-8.93851858979321,-65.68093499725015,ST4,0
506,-8.866151586983946,-62.79457961259435,ST3,0
507,-9.288723776606348,-60.0992546209858,ST2,0
508,-3.6517557122591526,-60.659582006175455,ST5,0
509,-8.147026303115624,-68.64845984155731,ST5,0
510,-4.211140429786636,-69.02614231820027,ST2,0
511,-9.042391862042255,-57.73237277613883,ST4,0
512,-7.501270039199597,-60.53660855088681,ST3,0
513,-6.114034755563306,-67.54101576886411,ST3,0
514,-1.7848284500339755,-62.00148852888481,ST3,0
515,-6.556282341823537,-55.84011846605894,ST2,0
516,-7.843857686146652,-67.57618384017186,ST2,0
517,-1.932969160312508,-63.727923216108174,ST5,0
518,-2.1180851293315044,-57.579998393330435,ST2,0
519,-5.486793145760222,-62.70565549915546,ST5,0
520,-4.58242210415,-61.8065423298192,ST2,0
521,-1.699546534960417,-56.905260403745146,ST5,0
522,-1.8560734946049635,-64.20922046641815,ST4,0
523,-7.00258630815661,-52.53624409712077,ST3,0
524,-1.8788038493290742,-67.2351724406405,ST3,0
525,-6.387327676291564,-55.620633400065856,ST1,0
526,-3.0156296374990443,-69.40569798643645,ST4,0
527,-8.886053314861044,-61.784105030024016,ST4,0
528,-1.995721364055104,-53.85895993782281,ST3,0
529,-3.404762772614223,-67.98520491668845,ST5,0
530,-8.175449385759805,-60.52684325910526,ST3,0
531,-8.148346462542372,-58.988002656846334,ST3,0
532,-2.9903841498392376,-53.71032961854464,ST4,0
533,-1.80828495504689,-67.45815247189316,ST5,0
534,-6.720305370713817,-61.72072432109492,ST3,0
535,-7.539303656830885,-62.864681919664626,ST2,0
536,-5.399969701143467,-58.597034841839246,ST1,0
537,-5.8023621006641575,-59.852267999977116,ST5,0
538,-1.741084402076643,-62.84542998148686,ST4,0
539,-5.1805361754077195,-66.85680154894817,ST3,0
540,-7.212498088239868,-61.49113213028315,ST2,0
541,-7.559609308915739,-61.88077826393686,ST2,0
542,-4.3325772346659095,-65.45443280033447,ST1,0
543,-3.659111718307618,-64.59983027523892,ST1,0
544,-1.2943508400766817,-64.091691653359,ST5,0
545,-8.45505424977983,-52.03425251512033,ST5,0
546,-5.840098700614008,-67.92660273412784,ST3,0
547,-7.0398882289692155,-60.6849536316198,ST5,0
548,-3.0927469771771356,-66.68892024621366,ST5,0
549,-9.54482944649715,-60.006333108730686,ST1,0
550,-9.55984979794331,-59.75862408550558,ST3,0
551,-9.754191836966696,-64.04882368561307,ST3,0
552,-8.230603740026678,-68.18810818720776,ST4,0
553,-8.668371029691103,-66.52604542771118,ST4,0
554,-9.804353882823293,-66.27948118605262,ST4,0
555,-6.8591730875799435,-66.89765201520962,ST2,0
556,-3.936564455738263,-53.66793564627084,ST3,0
557,-7.858456566467037,-64.65050201730097,ST3,0
558,-9.078496830628353,-57.41877676378556,ST2,0
559,-1.778655828153875,-63.829067321807216,ST2,0
560,-8.104065915640051,-62.15759301781429,ST4,0
561,-7.529843530510803,-58.36245739274689,ST5,0
562,-5.269836848489751,-54.47237622475677,ST4,0
563,-4.022732114515378,-58.99921276835572,ST2,0
564,-6.243620797085131,-51.745238865141914,ST2,0
565,-2.498955002713692,-57.26357634294908,ST3,0
566,-3.2677928840458303,-59.07809518988301,ST3,0
567,-7.490452602814112,-57.90199016368867,ST2,0
568,-7.945442280386429,-60.12280243129199,ST4,0
569,-2.0409332748383147,-57.765798413171126,ST5,0
570,-9.409565863454205,-68.13861955475075,ST5,0
571,-6.402227860565823,-63.062248374445694,ST5,0
572,-5.581608867042904,-59.10552283408052,ST3,0
573,-1.3873895519118289,-56.637394558860905,ST2,0
574,-9.16237486696244,-54.398875204798976,ST2,0
575,-2.4332207213998354,-65.27598022933286,ST4,0
576,-8.4791922352251,-59.70998678811594,ST2,0
577,-7.800308721971362,-58.82258997779307,ST2,0
578,-7.659422366750707,-58.78948819198438,ST5,0
579,-6.73410378597802,-56.78827754291486,ST5,0
580,-2.101952631200933,-68.62973228887648,ST5,0
581,-4.693730572079722,-58.26869304171231,ST5,0
582,-7.413932430950019,-60.863999694732236,ST1,0
583,-5.2471679149024775,-59.691012460178925,ST4,0
584,-6.146837278590846,-60.83799028810074,ST5,0
585,-1.2908414354112097,-55.47168164989792,ST3,0
586,-9.94572410456376,-64.75167820208402,ST2,0
587,-8.746961513387916,-52.09436457792491,ST1,0
588,-9.970975151052675,-54.25789830655974,ST4,0
589,-6.3303562468567165,-54.119684448971945,ST2,0
590,-6.737412008115648,-62.928639601384695,ST5,0
591,-5.181941188889013,-53.88642699532304,ST4,0
592,-6.29747956742591,-69.54447528373892,ST4,0
593,-9.444471649708747,-65.74458241144026,ST3,0
594,-3.174344262776634,-65.04899016522474,ST3,0
595,-6.789068891468235,-61.57881049191417,ST5,0
596,-5.428911283372862,-66.40342098959398,ST4,0
597,-6.588970479540295,-54.19571921578405,ST3,0
598,-2.841832324572315,-61.24438544089648,ST4,0
599,-9.1297370223326,-59.44063065650864,ST5,0
600,-8.80649768203035,-56.560211168440595,ST4,0
601,-1.275830952419959,-51.729901767235624,ST5,0
602,-1.1246781020432977,-68.35318713968483,ST3,0
603,-9.68766941475908,-67.19650490585421,ST1,0
604,-4.848812618675644,-62.06018140041019,ST2,0
605,-6.391247613106866,-68.36141960152867,ST3,0
606,-6.799544088595999,-59.28387915163643,ST2,0
607,-4.247649639480867,-61.331272216604646,ST5,0
608,-2.3509138890043957,-55.19892921424631,ST4,0
609,-6.148366049988695,-61.6679969751126,ST5,0
610,-6.69297718700372,-60.26698806407751,ST3,0
611,-6.408242961716393,-60.45542568708608,ST3,0
612,-9.729295322062164,-66.26738783041873,ST5,0
613,-6.592803361357701,-54.932413835863514,ST3,0
614,-2.4181029386379826,-55.8989227472461,ST5,0
615,-5.413927885849643,-66.80125384787972,ST3,0
616,-4.187170506409644,-67.6386742922253,ST5,0
617,-7.862505532222987,-60.61169236305804,ST5,0
618,-4.47736243377535,-69.06344200551062,ST1,0
619,-9.83822917127103,-61.47723556899532,ST1,0
620,-4.736334916249761,-55.89650081024039,ST2,0
621,-8.342438439434902,-64.39889241481404,ST4,0
622,-1.955516591295078,-55.088981848124575,ST1,0
623,-2.8355683493783905,-56.52530222777349,ST3,0
624,-4.900067491673542,-52.993787875136455,ST4,0
625,-4.349300157147277,-64.80838230112172,ST5,0
626,-6.108976747681509,-61.8878686806532,ST4,0
627,-2.088970745107387,-64.38779448227154,ST5,0
628,-8.648019707264353,-61.62893164451581,ST5,0
629,-6.349403158291635,-67.78121757559443,ST2,0
630,-7.679734451770603,-62.99159034275151,ST3,0
631,-3.9817060175434857,-68.48893831028313,ST4,0
632,-3.8027710519183087,-57.3498317379692,ST4,0
633,-9.298156633489002,-58.769840177508634,ST1,0
634,-4.704499647657284,-67.75492933922831,ST2,0
635,-4.936582964906718,-60.948835089320966,ST5,0
636,-5.094485356991189,-58.65007424753342,ST1,0
637,-9.65038936712976,-66.42657985255536,ST5,0
638,-7.3982002127981215,-60.06477384391003,ST5,0
639,-4.070409388145149,-65.57952959401825,ST1,0
640,-7.984812971597609,-52.49955634428,ST1,0
641,-5.903076084285574,-52.48694410201101,ST4,0
642,-7.227800548050306,-53.3300748193667,ST3,0
643,-5.742863649894447,-60.55342687791655,ST5,0
644,-8.449163841531405,-63.18952898291311,ST2,0
645,-8.107216911750012,-52.7337111047914,ST2,0
646,-6.05174956740881,-55.18111220325108,ST1,0
647,-3.8866222533376407,-55.77687034832481,ST5,0
648,-7.472242158981086,-56.67974171845732,ST1,0
649,-3.467710381571181,-64.25568109321311,ST3,0
650,-2.1596202100005755,-53.32482054528402,ST5,0
651,-8.589320559772437,-62.05343244126423,ST5,0
652,-4.167706542216052,-59.916252993607976,ST5,0
653,-7.744849651642667,-54.44608758257491,ST2,0
654,-5.431836210726523,-56.047243917690075,ST3,0
655,-6.915306265831342,-51.82215950197475,ST1,0
656,-4.5861946917759315,-55.44793265632384,ST5,0
657,-6.212904935805071,-54.3597673703054,ST3,0
658,-2.851921777418344,-66.03351339930015,ST3,0
659,-9.567833221615036,-64.12329670156697,ST3,0
660,-9.961033905598642,-67.58074085905162,ST3,0
661,-7.349028933058323,-57.264563391686124,ST3,0
662,-2.5003365997519644,-56.77644149371501,ST5,0
663,-5.811314791351201,-64.55586802103741,ST2,0
664,-7.004121503771886,-62.18977210416696,ST1,0
665,-2.8124770997730995,-52.38040650838363,ST5,0
666,-5.228291413931755,-57.96001369866251,ST3,0
667,-3.0599865995408786,-54.79140985330505,ST3,0
668,-4.1282023486299675,-61.19124369098559,ST3,0
669,-4.459567782795091,-64.18608383890998,ST5,0
670,-3.0015677932715388,-55.09787621331954,ST3,0
671,-5.366015389376135,-65.68727081374104,ST5,0
672,-2.809260384929937,-52.423560180218104,ST1,0
673,-1.1676267494698305,-54.95234269656062,ST5,0
674,-4.418506799384889,-61.040769744765896,ST3,0
675,-1.381958234328735,-53.291285459068064,ST5,0
676,-4.826191681040971,-51.45174248321466,ST4,0
677,-7.502785565922982,-55.088215522086514,ST3,0
678,-5.8011506159109105,-53.48110636913388,ST1,0
679,-1.4815034508602967,-67.07175528209937,ST4,0
680,-6.863654627612226,-53.37688546677558,ST5,0
681,-4.711383212304788,-56.80220760586706,ST1,0
682,-8.925149594108934,-65.299927073385,ST5,0
683,-3.3477539057809915,-59.27990625079532,ST5,0
684,-3.024075184046331,-65.21650802931299,ST1,0
685,-7.734074731417877,-63.10904449092922,ST4,0
686,-2.9022470145866084,-68.46183299988843,ST4,0
687,-7.480787208024733,-57.26971202323949,ST4,0
688,-4.775393728851418,-59.13870802560897,ST1,0
689,-7.484506588116755,-55.02094838029957,ST3,0
690,-4.260945546742231,-63.896309387351565,ST1,0
691,-7.459225128708971,-66.02823083502075,ST3,0
692,-9.384705434150536,-54.77310359402633,ST3,0
693,-1.2533667059719527,-55.027638073854035,ST3,0
694,-1.961358027723298,-56.11380692613098,ST5,0
695,-4.245000428141874,-54.57689699585694,ST1,0
696,-4.646921231029063,-66.02482169116182,ST5,0
697,-9.536412398741861,-53.2897768363292,ST4,0
698,-2.998814102100524,-64.31157575026349,ST1,0
699,-3.711322395169387,-53.296243056499165,ST2,0
700,-9.80525671960332,-63.738056326640844,ST1,0
701,-5.933699921062257,-53.811234796598356,ST2,0
702,-9.185687455189527,-61.72070450590969,ST4,0
703,-9.632303747192614,-52.210723966300655,ST1,0
704,-7.656489041653944,-58.642972795262395,ST5,0
705,-2.506658636493179,-53.16272473891452,ST4,0
706,-9.930403044122183,-67.76325792390811,ST5,0
707,-9.854312170336677,-66.85199082146661,ST3,0
708,-1.9190104312478429,-61.050458917302805,ST3,0
709,-6.684444682486719,-55.26988934837429,ST5,0
710,-1.3893554674191506,-64.04401847190533,ST1,0
711,-5.384358383155603,-68.35816399178496,ST3,0
712,-3.627396708419612,-57.863016760497885,ST4,0
713,-4.676485641286551,-52.65992642522248,ST3,0
714,-2.9866671906267417,-61.32150570811191,ST4,0
715,-9.659978621669385,-63.667574246114704,ST5,0
716,-9.301471722122827,-60.71446025506568,ST5,0
717,-1.5394972263220126,-52.92717466919359,ST3,0
718,-9.964494714052226,-64.51214748514812,ST1,0
719,-2.84335212480977,-53.52421230146655,ST3,0
720,-9.840995254655143,-60.731912790550254,ST1,0
721,-3.5797095755210906,-55.41502788664461,ST2,0
722,-9.308544974684732,-58.551580655462665,ST5,0
723,-8.799511849546258,-58.87478024704457,ST2,0
724,-9.270220111935407,-58.36636953387924,ST2,0
725,-9.580542838497452,-56.9521101491696,ST1,0
726,-3.2776352034255165,-61.86926557131391,ST4,0
727,-7.712248778757201,-65.26568066025786,ST2,0
728,-9.979206683383824,-58.06047245332125,ST2,0
729,-2.4556705195586677,-53.50444736398084,ST5,0
730,-7.09674303694352,-65.10573901067,ST5,0
731,-6.225517588931883,-68.32156143039563,ST5,0
732,-8.72713993472593,-62.59893764214106,ST3,0
733,-3.06588482849952,-55.75625411910585,ST2,0
734,-1.1657086171585629,-60.58423651240368,ST3,0
735,-6.385029791547763,-66.6235315506888,ST2,0
736,-5.74094716827471,-65.72050621090881,ST2,0
737,-5.377864204678341,-60.35364273306078,ST4,0
738,-4.712081518972199,-61.59053938550013,ST2,0
739,-8.176674084974877,-57.42615011356621,ST3,0
740,-8.79973669357852,-68.74477917429672,ST4,0
741,-5.414361655870558,-54.40805290607456,ST1,0
742,-8.844697943071226,-52.3681803237598,ST5,0
743,-3.7688820287030067,-53.29533635897745,ST2,0
744,-9.78628206483348,-67.89418872646604,ST5,0
745,-8.778332742588493,-57.88423787339333,ST1,0
746,-8.185256765838364,-67.02935385414443,ST1,0
747,-6.754494573278665,-58.658098038814046,ST2,0
748,-9.556847588085633,-65.3738260465536,ST2,0
749,-7.862411396964161,-60.628367347757035,ST4,0
750,-4.5514309496756855,-59.070142083751996,ST5,0
751,-2.142527328945847,-55.526492611970454,ST2,0
752,-8.979814674365016,-62.52810593569732,ST2,0
753,-1.9475912470759873,-64.70864030197627,ST1,0
754,-9.289820641890044,-53.41553033275947,ST1,0
755,-9.249579206438591,-61.655578077226494,ST5,0
756,-5.945614115721926,-67.55383982241099,ST1,0
757,-6.502823864101073,-57.55801426495674,ST5,0
758,-2.9251793676505615,-60.93692670093094,ST3,0
759,-6.942578406217699,-52.16535662616441,ST1,0
760,-9.44187679562467,-57.07140270143793,ST3,0
761,-1.7694930362672068,-65.305958333366,ST4,0
762,-4.243383001959652,-59.13160072712212,ST1,0
763,-7.520477397157752,-57.13550831645458,ST3,0
764,-4.136393678986148,-59.82138244958382,ST2,0
765,-1.7876029276065193,-55.80857371053514,ST4,0
766,-4.021901523064655,-66.38957496427537,ST2,0
767,-1.3093592424538478,-56.93243296462761,ST5,0
768,-8.825321174482358,-63.96013461067955,ST5,0
769,-3.391509153839131,-68.7284517586726,ST5,0
770,-7.7682655437938095,-59.71751635511435,ST5,0
771,-8.190056116291252,-55.198312425076125,ST2,0
772,-9.617931409814217,-58.83616294254988,ST2,0
773,-3.958231966825185,-67.62504520298585,ST3,0
774,-5.192944822100896,-52.4044812718385,ST3,0
775,-5.071045031954897,-53.361099782730044,ST4,0
776,-1.3894642247038647,-65.18014059636216,ST5,0
777,-3.10266124935407,-65.03649695280228,ST3,0
778,-4.172693480623598,-54.29244221136599,ST3,0
779,-4.365329564594638,-67.29199210343374,ST1,0
780,-4.426574229420478,-66.37468711430171,ST2,0
781,-4.182313499820318,-63.71277914407489,ST2,0
782,-6.423260213198725,-63.48714661926212,ST5,0
783,-1.3503693157670167,-59.82910575689575,ST2,0
784,-3.7228745414531144,-60.437077524402675,ST2,0
785,-7.376239618476025,-60.74993734471869,ST5,0
786,-9.234578784684869,-66.48502708679185,ST5,0
787,-8.260728744354472,-61.190759560520014,ST2,0
788,-1.2361942744078416,-67.21018250018234,ST2,0
789,-3.1974571819998063,-65.36460655883198,ST5,0
790,-6.597980357128497,-67.07450411699976,ST4,0
791,-7.651089426380289,-53.68422021535048,ST5,0
792,-6.881669216577193,-52.102859161475365,ST5,0
793,-9.743293533198008,-58.88493220007177,ST3,0
794,-7.253197237657795,-54.68955225793484,ST5,0
795,-4.913357568518232,-56.14284285005386,ST5,0
796,-7.125136305270924,-57.155515732495616,ST5,0
797,-9.116181385187078,-53.077522702804416,ST2,0
798,-5.273532257643715,-64.39235357131093,ST5,0
799,-9.653419924033884,-60.7289451131367,ST1,0
800,-8.891773491724456,-65.29566638397012,ST1,0
801,-4.042684710366825,-53.03673423019255,ST3,0
802,-9.928546282762648,-53.95661836205503,ST1,0
803,-5.462673095397776,-65.1685626793121,ST2,0
804,-5.206325571478982,-53.47283101709756,ST1,0
805,-8.665435276790214,-65.81341608661155,ST3,0
806,-5.202720048993261,-52.88017429076021,ST1,0
807,-4.311476860002111,-56.32925301544451,ST4,0
808,-6.7839760493126855,-67.29263285062433,ST3,0
809,-7.8491031691951125,-64.0112879976407,ST5,0
810,-8.699113531557343,-60.80402494795872,ST4,0
811,-7.260344321100596,-57.078218952116565,ST1,0
812,-5.297805685434871,-68.85036392183328,ST1,0
813,-9.803051859346827,-66.55274488805779,ST3,0
814,-9.251224024878995,-60.09667350097863,ST4,0
815,-6.205687930902505,-54.43580504288771,ST1,0
816,-1.5993053934313792,-57.79241447663039,ST1,0
817,-1.643659844281153,-56.719891607339264,ST4,0
818,-7.223542679275711,-55.587207793467016,ST2,0
819,-7.2567341136868375,-54.38583471396076,ST1,0
820,-7.3119150928102545,-61.664481329397,ST4,0
821,-5.182733760899403,-58.186896652953045,ST5,0
822,-8.557596793725141,-54.86815504106269,ST4,0
823,-4.345155111766987,-66.73092452413242,ST1,0
824,-8.301379791457,-60.37605662446536,ST1,0
825,-1.5918117321268017,-56.96602792222497,ST4,0
826,-5.695081865573314,-54.09879249775247,ST2,0
827,-2.7073014697723616,-64.23842492252838,ST4,0
828,-3.0347770418119824,-56.778215892674545,ST4,0
829,-1.704597047738222,-52.49052324510066,ST2,0
830,-8.937100803351123,-63.99254633947523,ST3,0
831,-8.208709445640713,-56.443904543114854,ST1,0
832,-7.417535101183859,-63.53100459813427,ST2,0
833,-2.3387024411953066,-61.83470376553305,ST1,0
834,-2.0953315383150777,-54.991650729428166,ST1,0
835,-6.050943138335118,-53.44332641566678,ST1,0
836,-5.21184026747183,-64.43222593164406,ST2,0
837,-9.008977292305865,-62.09502957713174,ST3,0
838,-3.9910739469143346,-54.28096629230686,ST1,0
839,-1.922850267864213,-54.713385331216024,ST3,0
840,-7.068001176078462,-62.796057371072614,ST4,0
841,-3.2351770338881147,-62.85188166034897,ST2,0
842,-8.625430478234794,-55.25357208266738,ST1,0
843,-3.7170570206427955,-54.470626323183275,ST1,0
844,-5.698150874617923,-53.78263846219186,ST3,0
845,-9.531054524535923,-54.039299322368876,ST3,0
846,-8.861948049814751,-69.34223568946793,ST1,0
847,-6.793719501747546,-66.25531552061301,ST3,0
848,-9.65983639336745,-53.64752178148147,ST4,0
849,-5.8053478176083555,-53.815657640100426,ST5,0
850,-8.217776460634813,-61.77149613065639,ST5,0
851,-9.892496567710289,-60.127510385123585,ST4,0
852,-7.138037377673987,-58.54645704569191,ST3,0
853,-2.4848735228913768,-55.23558989036579,ST4,0
854,-5.394331706457784,-56.122055543954744,ST3,0
855,-5.400697272224708,-55.3170980922805,ST1,0
856,-8.3587433541577,-56.061823341118966,ST3,0
857,-9.168367445847942,-62.16478762975398,ST3,0
858,-7.911922536358702,-55.110245985502544,ST5,0
859,-3.5063781576107242,-57.3444307511502,ST2,0
860,-4.5780383999496745,-52.52648336089405,ST2,0
861,-8.048065967701511,-56.916058182547616,ST5,0
862,-4.6282107650675295,-59.07096978199273,ST3,0
863,-6.775256406614172,-59.303485375719085,ST5,0
864,-2.076086870361766,-55.65439151620358,ST5,0
865,-7.672728930039202,-61.88015680252323,ST5,0
866,-4.517780141190975,-65.2078722713642,ST1,0
867,-6.983595139722006,-51.66402104585387,ST1,0
868,-3.0677369230927036,-60.79774029682639,ST3,0
869,-5.682403562153809,-60.91452162448171,ST3,0
870,-8.842409525123617,-53.63662691648077,ST2,0
871,-1.3254297993067095,-52.711187659795755,ST5,0
872,-2.6038640774802237,-52.00666312018582,ST5,0
873,-6.561516907297888,-61.9456746342525,ST2,0
874,-7.688330297511364,-69.01064484114715,ST3,0
875,-3.1298005623949026,-55.61166306777112,ST3,0
876,-2.8012290279256273,-64.74707100896828,ST4,0
877,-6.120439206464292,-62.72727308983453,ST3,0
878,-9.290872359416017,-69.13186845381068,ST5,0
879,-5.718344644534072,-65.34290106089631,ST3,0
880,-2.5120033155162877,-66.25735766323469,ST3,0
881,-2.14800223661618,-52.084229012824,ST2,0
882,-8.336477391759278,-68.48670912549973,ST3,0
883,-9.013188478361057,-52.76828610395871,ST3,0
884,-4.220343179559347,-57.7322737402826,ST3,0
885,-2.156665207522474,-62.75176249189246,ST2,0
886,-9.042866865538167,-68.61895190223133,ST2,0
887,-1.854218102888387,-60.25864634680052,ST3,0
888,-9.530448956427932,-63.45404402199347,ST4,0
889,-3.0627409927722846,-61.03952455528503,ST2,0
890,-1.903691667334451,-56.35763469103352,ST3,0
891,-9.56942821321073,-65.26150516528517,ST1,0
892,-4.612277907495897,-66.35515688675059,ST3,0
893,-8.887059754572052,-51.548922550746084,ST1,0
894,-5.012013996760636,-59.619896368895844,ST5,0
895,-2.107007276238676,-57.51106112404556,ST5,0
896,-6.530080453756406,-69.07557279647693,ST3,0
897,-7.943731629495885,-60.0630458115339,ST1,0
898,-6.454608391248765,-69.55510631936792,ST3,0
899,-3.0104611965104873,-67.5710158915578,ST2,0
900,-7.966240586271705,-67.15939687398601,ST4,0
901,-7.2294936783939585,-52.5407739729343,ST1,0
902,-5.817895797767519,-66.9658566092811,ST3,0
903,-3.069408310622854,-55.44395647590339,ST4,0
904,-2.7762307993227937,-66.10202544051351,ST1,0
905,-2.168141664007994,-60.039280411459906,ST4,0
906,-2.5726987093562554,-68.05933502347153,ST2,0
907,-2.884668328694656,-57.11480672280906,ST2,0
908,-7.9661348274165835,-61.541125465547026,ST5,0
909,-2.1374120892232735,-68.81108498676646,ST5,0
910,-4.018225249629005,-58.684858838443105,ST2,0
911,-1.1065576060024487,-59.91891535818176,ST1,0
912,-1.9406050678577635,-60.0529334659048,ST4,0
913,-4.603638691225136,-58.260201057515225,ST1,0
914,-8.13123349767244,-59.77808130668741,ST3,0
915,-5.312674835128015,-53.95939280697129,ST3,0
916,-6.4771351720211925,-67.2043915463974,ST1,0
917,-5.187272584369955,-57.05458595019782,ST4,0
918,-3.8786763579431467,-62.11945125859673,ST3,0
919,-6.0843162581496895,-63.49604415376951,ST4,0
920,-6.304392510271132,-68.34712468499373,ST4,0
921,-5.380529316430951,-53.67430274783847,ST5,0
922,-3.558033773293091,-64.04634582614105,ST3,0
923,-6.763905654712566,-63.76259016795231,ST4,0
924,-6.848293919782117,-59.81181865063081,ST3,0
925,-5.543138156295507,-55.798715935072025,ST4,0
926,-7.747782787873957,-57.165535849454685,ST2,0
927,-7.548088053270111,-54.85858193389204,ST2,0
928,-1.8731681870403296,-66.12493328416701,ST3,0
929,-3.636594360695357,-53.88729749046111,ST4,0
930,-9.833316737101876,-56.04030783989745,ST5,0
931,-5.618335403720386,-60.790991686331225,ST2,0
932,-9.728459945488405,-56.02043652791455,ST3,0
933,-5.556762890685413,-62.1316541505378,ST5,0
934,-6.521186423348903,-61.13220394473689,ST2,0
935,-6.828648048330454,-56.625119389382895,ST5,0
936,-1.6869465630448328,-57.96637490232138,ST3,0
937,-5.793170302329098,-51.4994177748776,ST1,0
938,-7.428470488191064,-67.8621957050395,ST1,0
939,-3.421404161728807,-59.83898073640442,ST4,0
940,-9.62301415568979,-52.28527271662173,ST2,0
941,-2.9332927963287867,-66.4253973430582,ST4,0
942,-4.084267846712092,-62.55121889189999,ST5,0
943,-2.046321591648084,-59.691732177410785,ST1,0
944,-10.037355206632922,-68.85736471629028,ST4,0
945,-2.5279752704040037,-65.204631926546,ST5,0
946,-2.845132559440339,-65.82045319503835,ST3,0
947,-1.5669575756603393,-53.48722343620192,ST2,0
948,-5.235316756040377,-67.64315052747878,ST5,0
949,-7.775691324533684,-55.13903864781388,ST5,0
950,-3.976379977426549,-55.1973408261575,ST5,0
951,-3.942794348659646,-69.47066309118183,ST1,0
952,-5.651867262452394,-61.076818018942745,ST3,0
953,-5.34418244535687,-58.55417418624345,ST1,0
954,-1.3362748513412797,-59.028011425898924,ST5,0
955,-9.82204331764704,-56.24454333479812,ST4,0
956,-6.063917485304349,-66.87695061313305,ST4,0
957,-1.6054136403505925,-62.3277170182568,ST2,0
958,-3.6829656164454994,-61.84861149960847,ST2,0
959,-3.486735668540903,-66.99306615499478,ST1,0
960,-7.7523370152162165,-61.20164920833487,ST1,0
961,-8.677177290873352,-58.140942879839116,ST2,0
962,-4.649322760242725,-54.16571163067113,ST4,0
963,-2.3437900807977474,-58.6917787311865,ST4,0
964,-2.603438132026313,-66.16941325281138,ST3,0
965,-7.759139030553145,-63.08789754369577,ST2,0
966,-5.251550013989375,-57.1423165628418,ST1,0
967,-3.498857508964562,-58.84696517519068,ST3,0
968,-1.2536205183728892,-67.04999309331608,ST4,0
969,-7.078145238469055,-59.04584065267868,ST5,0
970,-3.5546455486182262,-58.94760457388042,ST2,0
971,-3.343389661160934,-55.83679198914706,ST2,0
972,-8.602787909518904,-68.01113673333623,ST2,0
973,-4.584658872166983,-58.27066311056983,ST4,0
974,-3.6187618122128873,-60.192892337975934,ST1,0
975,-6.941730230737069,-63.39629091900682,ST5,0
976,-6.629618499750755,-67.76623714544341,ST1,0
977,-9.104880185684241,-65.9191558182894,ST5,0
978,-3.5565642708952865,-64.41312083372898,ST1,0
979,-4.886635210666827,-54.99032726371142,ST3,0
980,-3.2997951696738266,-62.898130043996325,ST3,0
981,-8.675037647504949,-65.30040271427099,ST4,0
982,-4.253930995602975,-68.61938849663325,ST4,0
983,-5.163834176031053,-64.79253591614662,ST5,0
984,-6.851820047948886,-59.20300693268234,ST2,0
985,-4.193625159393416,-59.83673016289495,ST1,0
986,-3.210790734448861,-63.83528985333767,ST5,0